location_identifier,location_target_encoded
G-10 - Islamabad,20717431.19266055
E-11 - Islamabad,16151873.449131511
G-15 - Islamabad,14261571.847507332
Bani Gala - Islamabad,15852475.247524751
DHA Defence - Islamabad,14144768.72659176
F-11 - Islamabad,18890760.56338028
Diplomatic Enclave - Islamabad,24843750.0
B-17 - Islamabad,9047000.0
Bhara kahu - Islamabad,8385865.92178771
Garden Town - Islamabad,7736363.636363637
Koral Town - Islamabad,5136600.0
Soan Garden - Islamabad,12402744.33656958
Blue Area - Islamabad,24628571.42857143
G-11 - Islamabad,18579059.06313645
Ghauri Town - Islamabad,8804051.17270789
I-16 - Islamabad,4253166.666666667
Multan Road - Lahore,8794846.93877551
Allama Iqbal Town - Lahore,17550526.315789472
Military Accounts Housing Society - Lahore,11995871.59533074
Eden - Lahore,12636812.080536911
Askari - Lahore,21287739.03262092
Bedian Road - Lahore,11477029.702970296
Gulberg - Lahore,25804512.31527093
Chaman Park - Lahore,17900000.0
Chungi Amar Sadhu - Lahore,4522000.0
Karim Park - Lahore,14000000.0
Cantt - Lahore,12263933.121019108
Al-Raheem Garden - Lahore,10214285.714285716
EME Society - Lahore,32110465.11627907
Mateen Avenue - Lahore,8503846.153846154
Paragon City - Lahore,15070256.41025641
IEP Engineers Town - Lahore,17823076.923076924
Muslim Town - Faisalabad,12191666.666666666
Millat Town - Faisalabad,8861764.705882354
Raza Abad - Faisalabad,6579166.666666667
Humak - Rawalpindi,9333333.333333334
Bahria Town Rawalpindi - Rawalpindi,16222487.796250442
Gulshan Abad - Rawalpindi,13643900.709219858
Media Town - Rawalpindi,22679699.2481203
Chakri Road - Rawalpindi,5322815.533980583
Askari 14 - Rawalpindi,18301666.666666668
Askari 13 - Rawalpindi,25995000.0
Askari 12 - Rawalpindi,29700000.0
Askari 10 - Rawalpindi,28300000.0
Gulshan-e-Iqbal - Rawalpindi,6686764.705882353
Shalley Valley - Rawalpindi,10795901.639344262
DHA Defence - Karachi,17555670.12635379
Malir - Karachi,10987500.0
Gadap Town - Karachi,8288307.535641548
Gulshan-e-Iqbal Town - Karachi,14148343.496903287
Scheme 33 - Karachi,14405732.054015636
Cantt - Karachi,29218685.831622176
Abul Hassan Isphani Road - Karachi,7268376.068376068
Shahra-e-Faisal - Karachi,10704661.016949153
Gizri - Karachi,6877027.027027027
Saddar Town - Karachi,8596728.971962618
Gulistan-e-Jauhar - Karachi,12294672.296083365
Emaar Canyon Views - Islamabad,28077272.727272727
F-17 - Islamabad,14191666.666666666
I-12 - Islamabad,4670277.777777778
F-10 - Islamabad,24220000.0
Bahria Town - Islamabad,20039841.24087591
Bahria Town - Lahore,16942340.971838765
Architects Engineers Housing Society - Lahore,20419444.444444444
DHA Defence - Lahore,30287459.82763414
Samanabad - Lahore,10960327.272727272
Mozang - Lahore,10465625.0
Abdullahpur - Faisalabad,5828571.428571428
Askari 7 - Rawalpindi,15770588.23529412
Askari 4 - Rawalpindi,12928571.42857143
Askari 3 - Rawalpindi,13560000.0
Askari 2 - Rawalpindi,12300000.0
Westridge - Rawalpindi,20781632.653061222
Askari 1 - Rawalpindi,10466666.666666666
Bahria Town Karachi - Karachi,12307251.650297858
Jinnah Avenue - Karachi,13012015.503875967
PAF Housing Scheme - Karachi,3760000.0
G-13 - Islamabad,20203921.828908555
PWD Housing Scheme - Islamabad,14433766.233766234
Jinnah Avenue - Islamabad,26680000.0
Kuri Road - Islamabad,13294285.714285716
Pakistan Town - Islamabad,12256611.570247931
Gulberg - Islamabad,6632146.443514644
Chatha Bakhtawar - Islamabad,7523214.285714285
Model Town - Lahore,25452975.4601227
Sultan Pura - Lahore,13666666.666666666
T & T Aabpara Housing Society - Lahore,13640909.090909092
Al Faisal Town - Lahore,7939189.189189189
Gulshan-e-Ravi - Lahore,17176444.444444444
Canal Garden - Lahore,11292016.483516484
Muslim Nagar Housing Scheme - Lahore,14866666.666666666
Tricon Village - Lahore,15110000.0
PCSIR Housing Scheme - Lahore,26144927.536231883
Pak Arab Housing Society - Lahore,13751767.676767675
State Life Housing Society - Lahore,22099864.498644985
DHA 11 Rahbar - Lahore,12817521.367521368
Shershah Colony - Raiwind Road - Lahore,6165163.934426229
Jaranwala Road - Lahore,13450000.0
Wapda City - Faisalabad,17142372.881355934
Askari 11 - Rawalpindi,20500000.0
Adiala Road - Rawalpindi,6447838.038632987
Al-Noor Colony - Rawalpindi,8214285.714285715
Northern Bypass - Karachi,8607712.121212121
Fazaia Housing Scheme - Karachi,6739277.777777778
North Nazimabad - Karachi,12687872.257053291
New Karachi - Karachi,7334813.664596274
North Karachi - Karachi,10561734.993614305
Anda Mor Road - Karachi,8723529.411764706
Clifton - Karachi,24934550.17301038
Lyari Town - Karachi,4223333.333333333
G-7 - Islamabad,12377777.777777778
Cavalry Ground - Lahore,17276229.508196723
Cricketer Villas - Lahore,9478571.42857143
Rehman Villas - Lahore,10283333.333333334
Faisal Town - Lahore,22504464.285714287
Harbanspura Road - Lahore,7678225.806451613
Alfalah Town - Lahore,9705263.157894736
Punjab Govt Employees Society - Lahore,24280882.352941178
Ashiana-e-Quaid Housing Scheme - Lahore,3008000.0
Satellite Town - Rawalpindi,23351785.714285716
Affandi Colony - Rawalpindi,14925000.0
Sadiqabad - Rawalpindi,8527454.545454545
Defence View Society - Karachi,15629729.72972973
Federal B Area - Karachi,10229220.338983051
Nazimabad - Karachi,8689644.351464435
P & T Colony - Karachi,7195652.173913044
Shalimar Housing Scheme - Lahore,9329411.76470588
Khayaban-e-Amin - Lahore,5148107.142857143
Shahdara - Lahore,6095740.740740741
Iqbal Park - Lahore,12048936.170212766
Baldia Town - Karachi,4562500.0
Lehtarar Road - Islamabad,5196026.315789473
G-9 - Islamabad,29671074.38016529
E-14 - Islamabad,6625000.0
F-8 - Islamabad,27630000.0
Paradise Valley - Faisalabad,8000000.0
Misryal Road - Rawalpindi,6542473.11827957
Sabzazar Scheme - Lahore,12146712.802768163
Model Colony - Lahore,10833333.333333334
Mustafa Town - Lahore,15960294.11764706
Walton Road - Lahore,10249740.74074074
New Super Town - Lahore,15309523.80952381
West Wood Housing Society - Lahore,23125000.0
Ghulam Mohammad Abad - Faisalabad,10562500.0
Liaquat Bagh - Rawalpindi,3000000.0
Khayaban-e-Sir Syed - Rawalpindi,13173076.923076924
Jamshed Town - Karachi,19291141.11498258
Gulshan-e-Usman Housing Society - Karachi,9812500.0
Garden West - Karachi,8363120.567375886
Liaquatabad - Karachi,4715540.540540541
Valencia Housing Society - Lahore,26745714.285714287
Palm Villas - Lahore,5944074.074074074
Islampura - Lahore,11687037.037037035
Mansoorah - Lahore,12740740.74074074
Marghzar Officers Colony - Lahore,14458018.867924528
Wapda Town - Lahore,19991603.907637656
Mughalpura - Lahore,9385507.246376812
Saggian - Lahore,4316666.666666667
Shoukat Town - Lahore,7716666.666666667
Al Hamra Town - Lahore,12160000.0
Badami Bagh - Lahore,8684615.384615384
Gulistan Colony - Lahore,11666666.666666666
Lahore Motorway City - Lahore,5212121.212121212
OPF Housing Scheme - Lahore,22952432.43243243
Garden Town - Lahore,24200000.0
Ferozepur Road - Lahore,5228955.882352941
Township - Lahore,13848878.923766816
Babu Sabu - Lahore,4525000.0
Al Kareem Garden - Lahore,6646153.846153846
Nawab Town - Lahore,14290625.0
Chapal Uptown - Karachi,8634000.0
I-14 - Islamabad,13120833.333333334
D-17 - Islamabad,9079797.97979798
Tarlai - Islamabad,5440000.0
Simly Dam Road - Islamabad,5720000.0
I-9 - Islamabad,20930232.558139537
Burma Town - Islamabad,4219767.441860465
National Police Foundation O-9 - Islamabad,15172839.50617284
Islamabad Highway - Islamabad,9710133.333333334
The Springs - Islamabad,10627272.727272728
Jhang Syedan - Islamabad,4500000.0
Korang Town - Islamabad,14697916.666666666
Arsalan Town - Islamabad,4818421.052631579
Kashmir Highway - Islamabad,16996875.0
Usman Town - Faisalabad,5156250.0
Satiana Road - Faisalabad,11299504.95049505
Zulfiqar Colony - Faisalabad,5150000.0
Gulistan Colony - Rawalpindi,10643589.743589744
Airport Housing Society - Rawalpindi,9389318.885448916
Gulraiz Housing Scheme - Rawalpindi,13930672.268907564
Johar Town - Lahore,16982091.111111112
Punjab Small Industries Colony - Lahore,11543181.818181818
Shalimar Link Road - Lahore,13032500.0
Airline Housing Society - Lahore,22236000.0
Airport Road - Lahore,10106250.0
Kamahan Road - Lahore,4275000.0
Mehmood Booti - Lahore,3625000.0
Kot Lakhpat - Lahore,7069444.444444444
Pakki Thatti - Lahore,13242857.142857144
Canal View - Lahore,28790258.620689657
Al-Hafiz Town - Lahore,6333333.333333333
Gulshan-e-Lahore - Lahore,13328301.886792451
Qadri Colony - Lahore,5360000.0
Tariq Gardens - Lahore,19861250.0
Hameedpura - Lahore,4683333.333333333
Empress Road - Lahore,7000000.0
Khayaban-e-Jinnah Road - Lahore,12743400.0
Ahmad Housing Society - Lahore,7380000.0
Jallo Park Road - Lahore,7728571.428571428
Green Cap Housing Society - Lahore,6626760.563380281
Bismillah Housing Scheme - Lahore,8374800.0
Fateh Garh - Lahore,6516666.666666667
GT Road - Lahore,6885000.0
Jubilee Town - Lahore,10436689.18918919
Park View Villas - Lahore,11326648.351648351
Sant Nagar - Lahore,12917647.05882353
Al Rehman Garden - Lahore,7756083.650190114
Harbanspura - Lahore,8383442.622950819
Lalazar - Lahore,7270238.095238095
Gulshan-e-Rafique - Faisalabad,6040000.0
Rachna Town - Faisalabad,7709090.909090909
Eden Valley - Faisalabad,17478260.86956522
Ghalib City - Faisalabad,6412500.0
Sargodha Road - Faisalabad,11781818.181818182
Samundari Road - Faisalabad,8095588.235294118
Jaranwala - Faisalabad,5454545.454545454
Baloch Colony - Karachi,16155555.555555556
Manzoor Colony - Karachi,8591666.666666666
Delhi Colony - Karachi,4680519.48051948
Airport - Karachi,11973809.523809524
I-10 - Islamabad,18562815.789473683
Pir Sohawa - Islamabad,9692000.0
Ali Pur - Islamabad,5508571.428571428
FECHS - Islamabad,11699099.0990991
Shaheen Town - Islamabad,8051470.588235294
Afshan Colony - Rawalpindi,11119354.838709677
Ghous-e-Azam Road - Rawalpindi,8456250.0
Peshawar Road - Rawalpindi,12882352.94117647
Girja Road - Rawalpindi,4379166.666666667
Dhoke Banaras Road - Rawalpindi,6060000.0
Chaklala Scheme - Rawalpindi,16232191.780821918
PWD Colony - Rawalpindi,8733333.333333334
Gulzar-e-Quaid Housing Society - Rawalpindi,10466071.42857143
New Lalazar - Rawalpindi,16430303.030303031
Ashraf Garden - Lahore,6000000.0
Al-Kabir Town - Lahore,4788451.327433628
Nishat Colony - Lahore,6709722.222222222
College Road - Lahore,9628431.37254902
Aashiana Road - Lahore,4965853.658536585
Ali View Park - Lahore,12280800.0
Divine Gardens - Lahore,17426136.363636363
Rail Town (Canal City) - Lahore,16166666.666666666
Bahria Nasheman - Lahore,9450877.192982456
Ghaziabad - Lahore,5959375.0
Kahna - Lahore,3886440.6779661016
Doctors Housing Society - Lahore,19700000.0
Vital Homes Housing Scheme - Lahore,6600000.0
Bilal Gunj - Lahore,14000000.0
Taj Bagh Scheme - Lahore,11797500.0
Gohawa - Lahore,4175000.0
Rehmanpura (Ferozpur Road) - Lahore,12923529.411764706
Shadipura - Lahore,5000000.0
Swami Nagar - Lahore,13833333.333333334
Baghbanpura - Lahore,7614615.384615385
Nasheman-e-Iqbal - Lahore,17188750.0
Lake City - Lahore,16901096.153846152
AWT Army Welfare Trust - Lahore,12169230.76923077
Shadbagh - Lahore,12558035.714285716
Peoples Colony No 2 - Faisalabad,14629629.629629629
Hilal Road - Faisalabad,7283333.333333333
Yousaf Town - Faisalabad,7500000.0
Jail Road - Faisalabad,12625000.0
Gulbahar Colony - Faisalabad,15250000.0
Lasani Town - Faisalabad,17200000.0
Shahzad Colony - Faisalabad,19230000.0
Narwala Road - Faisalabad,6320833.333333333
204 Chak Road - Faisalabad,11628571.42857143
Mansoorabad - Faisalabad,6364000.0
Shah Faisal Town - Karachi,7861250.0
Falaknaz Presidency - Karachi,8515294.11764706
Bin Qasim Town - Karachi,8641353.383458646
Nemat Colony No 1 - Faisalabad,5733333.333333333
Gulshan e Madina - Faisalabad,15333333.333333334
Gulistan Colony No 1 - Faisalabad,13062500.0
Shalimar Park - Faisalabad,4518500.0
Eden Orchard - Faisalabad,9859090.909090908
Eden Gardens - Faisalabad,11457894.736842103
Lalazar - Rawalpindi,13724444.444444444
Ali Town - Rawalpindi,7087500.0
Saddar - Rawalpindi,14416666.666666666
Tulsa Road - Rawalpindi,13344915.254237289
Harley Street - Rawalpindi,16737500.0
Fazal Town - Rawalpindi,10857142.857142856
Chakra - Rawalpindi,4114285.714285714
Eden Villas - Lahore,4890909.090909091
Sui Gas Housing Society - Lahore,37523913.04347826
Misri Shah - Lahore,11666666.666666666
Thokar Niaz Baig - Lahore,5894375.0
Lahore Medical Housing Society - Lahore,10442647.05882353
UBL Housing Society - Lahore,13000000.0
Salli Town - Lahore,12800000.0
PIA Main Boulevard - Lahore,15750000.0
Nishtar Colony - Lahore,5795953.488372093
Bhatta Chowk - Lahore,7425000.0
Madina Colony - Lahore,8147058.823529412
Highcourt Society - Lahore,11581250.0
Ravi Park - Lahore,12633333.333333334
Zaman Colony - Lahore,15755555.555555556
Raiwind Road - Lahore,9606346.534653466
Gulberg Town - Karachi,10351521.739130436
Super Highway - Karachi,11988888.888888888
Khalid Bin Walid Road - Karachi,26376404.494382024
H-13 - Islamabad,7443071.0382513665
I-11 - Islamabad,6626923.076923077
Islamabad Expressway - Islamabad,7823526.315789473
Khayaban Colony - Faisalabad,9540000.0
Nisar Colony - Faisalabad,8085416.666666667
Nawaban Wala - Faisalabad,6150000.0
Manawala - Faisalabad,5297058.823529412
Others - Faisalabad,6606578.947368421
Nazimabad - Faisalabad,8660000.0
Muslim Town - Rawalpindi,10069565.217391305
Qasimabad - Rawalpindi,8325000.0
Palm City - Rawalpindi,5772222.222222222
Central Park Housing Scheme - Lahore,13054629.629629629
Mohafiz Town - Lahore,18909090.90909091
Awan Town - Lahore,12820588.23529412
Shadab Garden - Lahore,8006644.444444444
Al Rahim Homes - Lahore,14750000.0
Chauburji Chowk - Lahore,18225000.0
Islamia Park - Lahore,11533333.333333334
Abdalians Cooperative Housing Society - Lahore,29685714.285714287
Sunny Park - Lahore,16433333.333333334
Fort Villas - Lahore,20966666.666666668
Izmir Town - Lahore,21116176.47058824
PIA Housing Scheme - Lahore,23781438.848920863
Azam Town - Karachi,8211538.461538462
Korangi - Karachi,6395851.272015655
Shaheed Millat Road - Karachi,25710227.272727277
Bath Island - Karachi,32158536.58536585
Saima Luxury Homes - Karachi,11123333.333333334
G-14 - Islamabad,17941379.310344826
Shah Allah Ditta - Islamabad,17406666.666666668
Shahbaz Town - Faisalabad,8665000.0
Kaleem Shaheed Colony No 1 - Faisalabad,6520000.0
Garden Colony - Faisalabad,10333333.333333334
Dhok Sayedan Road - Rawalpindi,4947826.0869565215
Dhoke Khabba - Rawalpindi,5125000.0
Dream Avenue Lahore - Lahore,8976388.888888888
Mehar Fayaz Colony - Lahore,7533333.333333333
Al-Amin Housing Society - Lahore,10800000.0
Upper Mall - Lahore,29400000.0
Defence Road - Lahore,12516616.16161616
Dharampura - Lahore,12335714.285714284
Hassan Town - Lahore,9128571.42857143
Lalazaar Garden - Lahore,7024251.497005988
Eden Place Housing Scheme - Lahore,14333333.333333334
Sukh Chayn Gardens - Lahore,21281481.48148148
BOR - Board of Revenue Housing Society - Lahore,14510126.58227848
Afzal Park - Lahore,7150000.0
Naz Town - Lahore,6550000.0
Rabia City - Karachi,3650000.0
M. A. Jinnah Road - Karachi,9345833.333333334
Mehmoodabad - Karachi,5154870.12987013
Naval Anchorage - Islamabad,18945945.945945945
Margalla Town - Islamabad,19464285.714285716
Tarnol - Islamabad,7566666.666666667
H-15 - Islamabad,5933333.333333333
G-8 - Islamabad,22918965.51724138
D-13 - Islamabad,6900000.0
Ali Garden - Faisalabad,4600000.0
Gulberg - Faisalabad,19750000.0
Range Road - Rawalpindi,11031250.0
Dhok Paracha - Rawalpindi,14687500.0
DAV College Road - Rawalpindi,8733333.333333334
Green Town - Lahore,6026923.076923077
Jewa Town - Lahore,2000000.0
Ahbab Colony - Lahore,7375000.0
Shahkam Chowk - Lahore,8248750.0
Walled City - Lahore,11696875.0
Asif Colony - Lahore,6000000.0
Outfall Road - Lahore,13187500.0
Bagarian - Lahore,4078125.0
Rufi Rose Petals - Karachi,12166666.666666666
Punjab Chowrangi - Karachi,8775000.0
CBR Town - Islamabad,16762886.597938145
Meherban Colony - Islamabad,11583333.333333334
Zaraj Housing Scheme - Islamabad,14454838.70967742
Multi Residencia & Orchards - Islamabad,8233333.333333333
Capital Enclave - Islamabad,13520000.0
Kareem City - Faisalabad,6300000.0
Peoples Colony No 1 - Faisalabad,20917647.05882353
Madina Town - Faisalabad,18962222.222222224
Gulshan-e-Hayat - Faisalabad,27300000.0
Zia Colony - Faisalabad,30000000.0
Sheikh Colony - Faisalabad,14790000.0
Dhok Kashmirian - Rawalpindi,12166666.666666666
Askari 15 - Rawalpindi,16666666.666666666
Airport Road - Rawalpindi,9492857.142857144
Asghar Mall Road - Rawalpindi,10400000.0
Jinnah Colony - Lahore,5357142.857142857
Sajid Garden - Lahore,10650000.0
Salamatpura - Lahore,5951851.851851852
Sham Nagar - Lahore,13750000.0
River View Coop Housing Society - Lahore,24500000.0
Bahar Shah Road - Lahore,8500000.0
Ring Road - Lahore,6630769.230769231
Rehan Garden - Lahore,6165000.0
Khaliq-uz-Zaman Road - Karachi,24875000.0
Orangi Town - Karachi,4258823.529411765
Suparco Road - Karachi,7520000.0
Gulshan-e-Areesha - Karachi,14166666.666666666
University Road - Karachi,8678288.288288288
Jhangi Syedan - Islamabad,5606000.0
I-8 - Islamabad,25892857.14285714
Taramrri - Islamabad,5882476.19047619
E-16 - Islamabad,14300000.0
Khanna Pul - Islamabad,6245238.095238095
Islamabad - Murree Expressway - Islamabad,8437500.0
Jameel Town - Faisalabad,6500000.0
Green Town - Faisalabad,7274137.931034483
Khayaban Colony 2 - Faisalabad,13429411.76470588
Canal Road - Faisalabad,15671545.454545457
Gulfishan Colony - Faisalabad,12642857.142857144
Dhudi Wala - Faisalabad,8260000.0
Canal Park - Faisalabad,28500000.0
Bostan Road - Rawalpindi,6450000.0
Morgah - Rawalpindi,9278947.368421054
Lalkurti - Rawalpindi,22666666.666666668
Mohammadi Colony - Rawalpindi,8500000.0
Tench Bhata - Rawalpindi,7050000.0
High Court Road - Rawalpindi,11866666.666666666
Ittifaq Town - Lahore,11006250.0
Shalimar Town - Lahore,7398000.0
Al Hafeez Gardens - Lahore,7144444.444444444
Canal Bank Housing Scheme - Lahore,12796456.692913383
Kashmir Road - Karachi,21928571.42857143
Dastgir Colony - Karachi,10055172.413793104
Defence Garden - Karachi,19500000.0
PAEC Employees Cooperative Housing Society - Islamabad,8333333.333333333
Jhang Road - Faisalabad,7600000.0
Citi Housing Society - Faisalabad,10465000.0
Islamabad Highway - Rawalpindi,6366923.076923077
Sangar Town - Rawalpindi,8320000.0
Murree Road - Rawalpindi,12071428.57142857
Bahria Orchard - Lahore,18665910.97308489
Shershah Colony - Ichra - Lahore,6433000.0
Al-Hamd Garden - Lahore,4400000.0
Audit & Accounts Housing Society - Lahore,13010526.315789474
Aabpara Coop Housing Society - Lahore,13400000.0
Beacon House Society - Lahore,16875000.0
Khayaban-e-Quaid - Lahore,7476923.076923077
Manawan - Lahore,5159255.319148936
Bhagatpura - Lahore,7142857.142857143
PCSIR Staff Colony - Lahore,18658823.529411763
Sindh Industrial Trading Estate (SITE) - Karachi,8453846.153846154
Britto Road - Karachi,10200000.0
Rashid Minhas Road - Karachi,12884782.608695652
E-18 - Islamabad,10240000.0
Chak 208 Road - Faisalabad,14900000.0
Dhamyal Road - Rawalpindi,5914102.564102564
Sadiqa Abad - Rawalpindi,8834615.384615384
Samarzar Housing Society - Rawalpindi,4698979.591836735
Canal Burg - Lahore,15000000.0
Azam Gardens - Lahore,16389473.684210526
Daroghewala - Lahore,6352205.882352941
Tajpura - Lahore,5798581.560283688
Chohan Road - Lahore,10416666.666666666
Garhi Shahu - Lahore,10861111.111111112
Wassanpura - Lahore,13453333.333333334
Ghous Garden - Lahore,5275000.0
Kacha Jail Road - Lahore,5762500.0
Sanda - Lahore,9270967.741935484
Revenue Society - Lahore,21961290.322580647
Malir Link To Super Highway - Karachi,13462244.897959184
KDA Scheme 1 - Karachi,27771428.57142857
Golra Mor - Islamabad,8850000.0
Shahpur - Islamabad,8000000.0
Jhumra Road - Faisalabad,4306250.0
Amin Town - Faisalabad,13883333.333333334
Ayub Colony - Rawalpindi,10275000.0
Chakra Road - Rawalpindi,4570731.707317073
Al-Haram City - Phase 2 - Rawalpindi,3900000.0
Caltex Road - Rawalpindi,11841666.666666666
Amer Pura - Rawalpindi,10400000.0
Kartar Pura - Rawalpindi,9660000.0
Peer Meher Ali Shah Town - Rawalpindi,5175000.0
New Shah Kamal Colony - Lahore,9500000.0
Dogech - Lahore,5550000.0
Muslim Town - Lahore,12952500.0
Rehman Gardens - Lahore,9800000.0
Saadi Road - Karachi,10330000.0
Jamshed Road - Karachi,9614563.106796116
Landhi - Karachi,6102380.952380952
Motorway Chowk - Islamabad,7962500.0
Spring Valley - Islamabad,8066666.666666667
GT Road - Islamabad,4654687.5
National Police Foundation - Islamabad,13900000.0
Gulshan-e-Khudadad - Islamabad,8550000.0
H-12 - Islamabad,5599000.0
River Garden - Islamabad,6018469.387755103
Kacha Ferozepur Road - Lahore,16928571.42857143
Band Road - Lahore,5757368.421052632
New Chauburji Park - Lahore,22909090.90909091
Ryaz ul Jannah - Faisalabad,3500000.0
Lalazar - Faisalabad,4000000.0
Suhail Abad - Faisalabad,4450000.0
Safari View Residencia - Rawalpindi,4966666.666666667
Liaquat Colony - Rawalpindi,4000000.0
Army Officers Colony - Rawalpindi,12783333.333333334
Kurri Road - Rawalpindi,7785714.285714285
Punjab Govt Servant Society - Lahore,10746875.0
Gulshan-e-Amin - Karachi,7700000.0
Manghopir Road - Karachi,6422222.222222222
Chak Shahzad - Islamabad,10885714.285714284
PWD Road - Islamabad,6486842.105263158
Zaheer Villas - Lahore,7817391.304347826
Bhogiwal Road - Lahore,7888888.888888889
Omega Homes - Lahore,3588139.534883721
Al Jalil Garden - Lahore,6938888.888888889
Gajju Matah - Lahore,6461538.461538462
Rizwan Garden Scheme - Lahore,8700000.0
D Type Colony - Faisalabad,7866666.666666667
Gulgasht Colony - Faisalabad,3800000.0
Kahuta - Rawalpindi,3575000.0
Pindora - Rawalpindi,19400000.0
Allama Iqbal Colony - Rawalpindi,4170000.0
KRL Road - Rawalpindi,9791666.666666666
Aslam Shaheed Road - Rawalpindi,17250000.0
Peco Road - Lahore,8290909.090909091
Begampura - Lahore,9366666.666666666
Mohlanwal - Lahore,6800000.0
Nishtar Road (Lawrence Road) - Karachi,4285714.285714285
G-12 - Islamabad,8000000.0
Shah Jamal - Lahore,15703030.303030305
Gul Kali - Lahore,12750000.0
Raj Garh - Lahore,12016666.666666666
Eden Avenue Extension - Lahore,19411764.70588235
Habib Homes - Lahore,10592307.692307692
Lahore Canal Bank Cooperative Housing Society - Lahore,14900000.0
Riwaz Garden - Lahore,11254545.454545457
Manga Mandi - Lahore,6582500.0
Formanites Housing Scheme - Lahore,10411428.57142857
Gatwala Chowk - Faisalabad,5150000.0
Four Season Housing - Faisalabad,7743750.0
Valencia Gardens - Faisalabad,6750000.0
Allama Iqbal Colony - Faisalabad,4320000.0
Quaid-e-Azam Colony - Rawalpindi,4705555.555555556
Allahabad Road - Rawalpindi,8553846.153846154
Rawat - Rawalpindi,6516666.666666667
Cricket Stadium Road - Rawalpindi,9500000.0
National Highway - Karachi,6522222.222222222
Maqboolabad Society - Karachi,20000000.0
Faisal Town - F-18 - Islamabad,13805961.538461538
Al Huda Town - Islamabad,4028333.3333333335
I-13 - Islamabad,7920000.0
Sally Town South - Lahore,6500000.0
Al-Kareem Premier Housing Scheme - Lahore,9000000.0
Zaitoon - New Lahore City - Lahore,7792592.592592592
Jaffar Town - Lahore,10275000.0
Bakar Mandi Road - Faisalabad,4566666.666666667
Nazimabad Villas - Faisalabad,13000000.0
Nighabanpura - Faisalabad,6575000.0
Kashmir Road - Faisalabad,20833333.33333333
Ravi Gardens - Faisalabad,10500000.0
Sarafa Bazar - Rawalpindi,35000000.0
Police Foundation Housing Scheme - Rawalpindi,13600000.0
Defence Road - Rawalpindi,8133076.923076923
Khayaban-e-Tanveer - Rawalpindi,9716666.666666666
Qutbal Town - Islamabad,5425000.0
Alipur Farash - Islamabad,5653703.703703703
Punjab Coop Housing Society - Lahore,16875881.656804733
Fazaia Housing Scheme - Lahore,18920000.0
Anarkali - Lahore,15125000.0
Sodiwal - Lahore,7981250.0
Shiraz Villas - Lahore,11900000.0
Shah Faisal Road - Lahore,8950000.0
Ichhra - Lahore,8747619.047619049
Jaranwala Road - Faisalabad,5007142.857142857
Green View Colony - Faisalabad,15662500.0
Air Avenue City - Faisalabad,8425000.0
Latif Garden - Faisalabad,4690000.0
Al Noor Garden - Faisalabad,9803703.703703703
Dhanola - Faisalabad,3500000.0
Islamabad Farm Houses - Rawalpindi,12250000.0
Banaras Colony - Rawalpindi,5200000.0
Wazir Town - Rawalpindi,6262500.0
Dhoke Munshi Khan - Rawalpindi,5750000.0
Falaknaz Dynasty - Karachi,4850000.0
Etawa Society - Karachi,14152941.176470589
C-18 - Islamabad,7166666.666666667
D-12 - Islamabad,18036956.52173913
Royal City - Islamabad,6900000.0
Dubai Town - Lahore,5137500.0
Farooq Colony - Lahore,8530000.0
Ali Alam Garden - Lahore,8380000.0
New Muslim Town - Lahore,31133333.33333333
Main Canal Bank Road - Lahore,12507758.620689657
Awan Town - Rawalpindi,7250000.0
Nussah Town - Rawalpindi,6000000.0
Zamzama - Karachi,16250000.0
Liaquat Avenue - Karachi,6300000.0
Airport Enclave - Islamabad,9566666.666666666
Allama Iqbal Intl Airport - Lahore,16600000.0
Lahore Press Club Housing Scheme - Lahore,17611111.111111112
Peer Colony - Lahore,9166666.666666666
Jora Pull - Lahore,6166666.666666667
Khurianwala - Faisalabad,5075000.0
Shadab Colony - Faisalabad,6628571.428571428
Dhoke Hassu - Rawalpindi,7000000.0
Aisha Manzil - Karachi,9833333.333333334
Abid Town - Karachi,9825000.0
Karachi Motorway - Karachi,9575000.0
Royal Garden - Lahore,8000000.0
Super Town - Lahore,13582608.695652174
Shera Kot - Lahore,9400000.0
Bait-ul-Raza Colony - Lahore,7700000.0
Hamza Town - Lahore,4393823.529411765
Real Cottages - Lahore,10000000.0
Sue-e-Asal - Lahore,4922222.222222222
Garrison Homes - Lahore,7588461.538461538
New Garden Town - Faisalabad,8000000.0
Rehmania Town - Faisalabad,15000000.0
Wah Link Road - Rawalpindi,5566666.666666667
Dhoke Gangal - Rawalpindi,6450000.0
IJP Road - Islamabad,10425000.0
Dhok Gujran - Rawalpindi,6366666.666666667
Gulshan-e-Saeed - Rawalpindi,7125000.0
Al-Falah Cooperative Housing Society - Lahore,8550000.0
Makkah Colony - Lahore,8600000.0
Pak Park - Lahore,4628571.428571428
Wahdat Road - Lahore,8690909.090909092
Punjab University Employees Society - Lahore,12597560.975609755
Surti Muslim Co-Operative Housing Society - Karachi,32250000.0
ASF Housing Scheme - Karachi,4664000.0
Muslimabad Society - Karachi,20666666.666666668
Iqbal Town - Islamabad,8500000.0
Madina Town - Islamabad,5870000.0
Wapda Town - Islamabad,6900000.0
Chenab Gardens - Faisalabad,17000000.0
Sir Syed Town - Faisalabad,9100000.0
Umer Garden - Faisalabad,9500000.0
Ahmad Avenue - Lahore,8437500.0
Sufiabad - Lahore,3100000.0
Judicial Colony - Lahore,20854166.666666668
Al Noor Town - Lahore,18040000.0
Gosha-e-Ahbab - Lahore,7736000.0
Khuda Ki Basti - Karachi,2475000.0
MT Khan Road - Karachi,11860000.0
Hawks Bay Scheme 42 - Karachi,14200000.0
Gulistan Colony No 2 - Faisalabad,18000000.0
Quaid-e-Azam Park - Faisalabad,4700000.0
Zeeshan Colony - Rawalpindi,9933333.333333334
Rail View Housing Society - Rawalpindi,5030555.555555556
Tipu Road - Rawalpindi,9833333.333333334
Kacheri Chowk - Rawalpindi,35000000.0
Askari 9 - Rawalpindi,25000000.0
Faiz Bagh - Lahore,11700000.0
Al Jannat Housing Scheme - Lahore,3650000.0
Manzoor Colony - Lahore,6366666.666666667
Jaffaria Colony - Lahore,8150000.0
Lahore Garden Housing Scheme - Lahore,6874324.324324325
Walton Railway Officers Colony - Lahore,11880000.0
Rawal Town - Islamabad,22875000.0
Tariqabad - Faisalabad,7416666.666666667
Badar Colony - Rawalpindi,7500000.0
Chaklala - Rawalpindi,7411111.111111111
Jallo - Lahore,4731666.666666667
Cotton Export Cooperative Housing Society - Karachi,9757142.857142856
Kamran Chowrangi - Karachi,11647368.421052633
Gizri Road - Karachi,7675000.0
Peoples Colony - Karachi,8200000.0
Daniyal Town - Faisalabad,3425000.0
Gobind Pura - Faisalabad,10750000.0
Bostan Valley - Rawalpindi,13400000.0
Ranial - Rawalpindi,4875000.0
Gulfishan Colony - Lahore,28666666.666666668
LDA Avenue - Lahore,16791666.666666668
Abid Market - Lahore,2550000.0
Shadman 2 - Lahore,15000000.0
Saggian Wala Bypass Road - Lahore,5162500.0
Gul-e-Damin - Lahore,20166666.666666668
PASSCO Housing Society - Lahore,19250000.0
P & D Housing Society - Lahore,16033333.333333334
Sheraz Town - Lahore,5476315.7894736845
Lyari Expressway - Karachi,3070833.333333333
Bilal Town - Karachi,8250000.0
Steam Power Station Colony - Faisalabad,8500000.0
Sher Shah Road - Lahore,12750000.0
Gulshan Park - Lahore,7800000.0
Mohlanwal Road - Lahore,6187500.0
Hill Park - Karachi,20312500.0
Karim Town - Faisalabad,8600000.0
Sitara Colony - Faisalabad,5916666.666666667
Faisal Colony - Rawalpindi,10933333.333333334
College Road - Rawalpindi,17750000.0
Gulshan-e-Shamal - Rawalpindi,3000000.0
Zubaida Park - Lahore,14437500.0
Clifton Colony - Lahore,7659459.459459459
Green Avenue - Islamabad,17673913.04347826
Frash Town - Islamabad,3640000.0
Tali Mori - Rawalpindi,5200000.0
Al-Hamd Park - Lahore,6410000.0
Temple Road - Lahore,18750000.0
Rehman City - Phase 4 - Lahore,4400000.0
Nai Abadi Harbanspura - Lahore,6000000.0
Education Town - Lahore,20733333.33333333
Khokhar Town - Lahore,5500000.0
Sarwar Town - Lahore,3630000.0
Abdali Road - Lahore,19620000.0
Swan Garden - Islamabad,13715384.615384616
Thalian - Islamabad,5212500.0
Kalma Chowk - Lahore,10500000.0
Satellite Town - Faisalabad,4875000.0
Raja Colony - Faisalabad,9000000.0
Officers Colony - Faisalabad,19333333.33333333
Ahmad Abad - Rawalpindi,5250000.0
Chaudhary Wilayat Khan Road - Rawalpindi,7566666.666666667
Rustam Park - Lahore,4925000.0
Kotli Abdur Rahman - Lahore,3333333.333333333
Grand Avenues Housing Scheme - Lahore,5142857.142857143
Chaudhary Park - Lahore,11900000.0
Raheem Gardens - Faisalabad,6125000.0
Madan Pura - Faisalabad,5250000.0
Lahore - Sheikhupura - Faisalabad Road - Faisalabad,5089473.684210527
Walait Homes - Rawalpindi,13000000.0
Kharak - Lahore,4565000.0
Canal Fort II - Lahore,9254545.454545457
AR Cottages - Lahore,11500000.0
Fateh Villas - Lahore,5900000.0
Combo Colony - Lahore,4500000.0
NFC 1 - Lahore,30020754.71698113
Hakim Town - Lahore,3675000.0
New Shakrial - Islamabad,5440000.0
Sihala - Islamabad,15500000.0
Lower Mall - Lahore,2000000.0
Qazi Town - Lahore,6233333.333333333
Riaz ul Jannah - Faisalabad,12500000.0
Millat Road - Faisalabad,6283333.333333333
Samanabad - Faisalabad,9255333.333333334
Nishatabad - Faisalabad,3833333.3333333335
Canal Garden - Faisalabad,14166666.666666666
Mangral Town - Rawalpindi,7928571.428571428
Amarpura - Rawalpindi,13700000.0
Hanif Park Harbanspura - Lahore,8137500.0
Sanda Road - Lahore,10800000.0
Mustafa Abad - Lahore,10150000.0
Scheme 45 - Karachi,6072117.647058823
Magistrate Colony - Rawalpindi,7400000.0
Siddiqia Colony - Lahore,5500000.0
China Scheme - Lahore,8859523.80952381
Shaheed-e-Millat Expressway - Karachi,17500000.0
Amir Khusro - Karachi,24590909.09090909
Civil Lines - Karachi,29168627.45098039
AGHOSH - Islamabad,25000000.0
Thanda Pani - Islamabad,4855555.555555556
Bankers Co-operative Housing Society - Lahore,15527659.574468086
Waris Colony - Lahore,6050000.0
Bahar Colony - Lahore,17285714.285714287
Rasool Park - Lahore,12705263.157894736
Krishan Nagar - Lahore,18700000.0
Ali Housing Colony - Faisalabad,7875000.0
Khawaja Islam Road - Faisalabad,27500000.0
Ahmadabad - Faisalabad,5420000.0
GT Road - Rawalpindi,6455555.555555556
UET Housing Society - Lahore,21230769.230769232
Alia Town - Lahore,3500000.0
Waris Road - Lahore,21333333.33333333
Sakhi Hassan Chowrangi - Karachi,4454444.444444444
Naval Colony - Karachi,9320833.333333334
Koral Chowk - Islamabad,4783333.333333333
PECHS - Islamabad,11250000.0
Chauburji Park Road - Lahore,21400000.0
Asim Town - Lahore,5533333.333333333
Nemat Colony No 2 - Faisalabad,7157142.857142857
Kaleem Shaheed Colony No 2 - Faisalabad,5800000.0
Liaquat Town - Faisalabad,6200000.0
Babuwala - Faisalabad,6333333.333333333
Gulbahar Scheme - Rawalpindi,4714285.714285715
New Afzal Town - Rawalpindi,6333333.333333333
Chanman Abad - Rawalpindi,3020000.0
Chinar Bagh - Lahore,12586666.666666666
Sheikhupura Road - Lahore,11050000.0
Islam Nagar - Lahore,10100000.0
Abdul Sattar Edhi Road - Lahore,14833333.333333334
Heaven Homes - Lahore,9825000.0
Kot Khawaja Saeed - Lahore,12575000.0
Kachupura - Lahore,13833333.333333334
Hajvery Housing Scheme - Lahore,11754545.454545457
Makki Complex - Lahore,5850000.0
Sultan Town - Lahore,19066666.666666668
Ameer-ud-Din Park - Lahore,8833333.333333334
Makkah Garden - Faisalabad,7000000.0
Al Najaf Colony - Faisalabad,8700000.0
Bakra Mandi - Rawalpindi,7050000.0
Dhoke Syedan - Rawalpindi,5806250.0
Jumma Market - Rawalpindi,4500000.0
Manga - Raiwind Road - Lahore,4600000.0
Millat Colony - Lahore,4300000.0
Kemari Town - Karachi,5460000.0
BMCHS - Karachi,19581666.666666668
PAF Tarnol - Islamabad,12500000.0
Wafaqi Colony - Lahore,6827272.727272728
Youhanabad - Lahore,4528571.428571428
Kahna Kacha - Lahore,4675000.0
Cantt View Society - Lahore,17500000.0
Kareem Garden - Faisalabad,10000000.0
Transformer Chowk - Rawalpindi,6525000.0
Commercial Market - Rawalpindi,19642857.14285714
ASF Tower - Karachi,5720000.0
Lines Area - Karachi,4100000.0
Frere Town - Karachi,28194444.444444444
Golimar - Karachi,7209677.419354838
Government Employees Cooperative Housing Society (GECHS) - Lahore,29166666.666666668
Ismail Green Valley - Faisalabad,6600000.0
Canal Expressway - Faisalabad,12642857.142857144
Janjua Town - Rawalpindi,5883333.333333333
Khanna Road - Rawalpindi,6633333.333333333
Tipu Sultan Road - Karachi,28454545.454545453
Tariq Road - Karachi,15896296.296296297
Al Fajar Society - Lahore,3850000.0
Lawrence Road - Lahore,20590909.09090909
Shah Di Khoi - Lahore,10050000.0
Jail Road - Lahore,13714285.714285716
Rajpoot Town - Lahore,17700000.0
Shahpur Kanjra - Lahore,5050000.0
Hanjarwal - Lahore,6750000.0
Shah Kamal Road - Lahore,6720000.0
Chah Miran - Lahore,9814285.714285716
Partab Nagar - Faisalabad,6650000.0
Johar Colony - Faisalabad,3550000.0
Waris Pura - Faisalabad,5550000.0
Dhandharan Chak 66 JB - Faisalabad,5333333.333333333
Gawal Mandi - Rawalpindi,10250000.0
Air Force Housing Society - Rawalpindi,30200000.0
Kalma Chowk - Rawalpindi,8500000.0
Korangi Road - Karachi,8421739.130434783
Lalukhet - Karachi,6785714.285714285
Allama Iqbal Road - Lahore,8750000.0
Sherwani Town Housing Scheme - Lahore,7625000.0
Elite Town - Lahore,6126923.076923077
Green City - Lahore,18854545.454545453
Dheri Hassanabad - Rawalpindi,7633333.333333333
Bahar Colony - Rawalpindi,4300000.0
Defence Colony - Rawalpindi,20833333.33333333
Munawar Colony - Rawalpindi,7633333.333333333
Shah Town - Karachi,5783333.333333333
Pakistan Chowk - Karachi,7511111.111111111
Cutchi Memon Cooperative Housing Society - Karachi,20750000.0
Rufi Lake Drive Apartments - Karachi,12066666.666666666
Sarai Kharbuza - Islamabad,4662500.0
7th Avenue - Islamabad,43000000.0
Japan Road - Islamabad,3500000.0
Malik Park - Lahore,6700000.0
Saidpur - Lahore,3550000.0
Azadi Chowk - Lahore,19000000.0
Punjab Govt. Servants Housing Foundation - Faisalabad,6275000.0
Holy Family Road - Rawalpindi,16666666.666666666
Dhok Naju - Rawalpindi,12500000.0
Gobal Town - Karachi,6500000.0
Aria Mohalla - Rawalpindi,12933333.333333334
Rana Town - Lahore,4655000.0
Ameen Park - Lahore,9925000.0
Dholanwal - Lahore,7433333.333333333
Sitara Colony - Lahore,8166666.666666667
Canalberg Housing Society - Lahore,13500000.0
Marwa Town - Islamabad,5349285.714285715
Kehkishan Colony No 1 - Faisalabad,8500000.0
Ismail Valley - Faisalabad,8250000.0
Susan Road - Faisalabad,20666666.666666668
Shaheen Town - Rawalpindi,8400000.0
Chah Sultan - Rawalpindi,13500000.0
Shakrial - Rawalpindi,5633333.333333333
Pir Wadhai - Rawalpindi,8350000.0
Lytton Road - Lahore,8000000.0
Lahore - Jaranwala Road - Lahore,4336000.0
Nasirabad - Lahore,7666666.666666667
Sea View Apartments - Karachi,37825000.0
Naya Nazimabad - Karachi,11982222.222222222
D-14 - Islamabad,4750000.0
Mumtaz City - Islamabad,12366666.666666666
Imran Road - Faisalabad,11500000.0
Nadeem Town - Lahore,6840000.0
Singhpura - Lahore,9416666.666666666
Al Hamad Colony - Lahore,6713571.428571428
Zaitoon Colony - Lahore,11200000.0
Nazir Garden Society - Lahore,8475000.0
Mian Colony - Lahore,9500000.0
TIP Housing Society - Lahore,17160000.0
Teacher Society - Karachi,6800000.0
Lawyers Society - Islamabad,5800000.0
E-12 - Islamabad,18100000.0
Taj Colony - Faisalabad,7333333.333333333
Rabbani Colony - Faisalabad,9116666.666666666
Nawaz Colony - Rawalpindi,7940000.0
Madina Town - Lahore,9055555.555555556
Sahafi Colony - Lahore,22285714.285714287
Royal Residencia - Lahore,11875000.0
Shadman 1 - Lahore,17542857.14285714
Khaira - Lahore,4000000.0
Maskan Chowrangi - Karachi,8610000.0
Gulshan Colony - Faisalabad,11333333.333333334
Mohammad Nagar - Faisalabad,4050000.0
Saifabad - Faisalabad,6225000.0
Khayaban-e-Faisal - Rawalpindi,18750000.0
Ravi Road - Lahore,13888888.888888888
Aitchison Society - Lahore,15814285.714285716
Gawala Colony - Lahore,30000000.0
Nizamabad - Lahore,4362500.0
Islamabad Colony - Lahore,4707500.0
Ashrafi Town - Lahore,4500000.0
Chak Jhumra - Faisalabad,5000000.0
Sir Syed Chowk - Rawalpindi,9060000.0
Lakhodher - Lahore,7050000.0
Wyeth Employees Coop Housing - Lahore,16000000.0
Dream Villas - Lahore,16666666.666666666
Habibullah Road - Lahore,19000000.0
Ittehad Colony - Lahore,9950000.0
Sohan Valley - Islamabad,6912500.0
G-6 - Islamabad,24050000.0
Daewoo Road - Faisalabad,17500000.0
New Green Town - Faisalabad,7500000.0
Himat Pura - Faisalabad,5500000.0
Ghaziabad - Rawalpindi,3841666.6666666665
Ibrahim Colony - Lahore,2300000.0
Al Haram Garden - Lahore,3000000.0
Jia Baga Road - Lahore,12000000.0
Karbath - Lahore,12000000.0
Shadman 2 - Karachi,11485384.615384616
Punjab Colony - Karachi,4554000.0
Yasrab Colony - Faisalabad,8500000.0
Bawa Chack 120 JB - Faisalabad,8600000.0
Santpura - Faisalabad,13750000.0
People Colony - Rawalpindi,5280000.0
PIA Colony - Rawalpindi,9625000.0
Dhok Chiragh Din - Rawalpindi,8000000.0
Guldasht Town - Lahore,17822222.222222224
Qartaba Chowk - Lahore,2950000.0
Wahdat Colony - Lahore,9737500.0
Mahmoodabad - Faisalabad,7766666.666666667
Haji Abad - Faisalabad,6766333.333333333
Faisal Town - Faisalabad,12550000.0
Friends Colony - Rawalpindi,9000000.0
Clifton Township - Rawalpindi,8675000.0
Lalarukh Colony - Rawalpindi,5125000.0
Dhok Kala Khan - Rawalpindi,8200000.0
Wocland Villas - Lahore,9800000.0
Davis Road - Lahore,8740000.0
PTV Society - Karachi,9911111.111111112
Madina Gardens - Faisalabad,8833333.333333334
Ashraf Colony - Rawalpindi,5633333.333333333
Sabzazar - Rawalpindi,15625000.0
Bankers Colony - Rawalpindi,3800000.0
National Town - Lahore,9385714.285714284
Ali View Garden - Lahore,11872727.272727272
Rajgarh Road - Lahore,15250000.0
Dalmia Cement Factory Road - Karachi,13385714.285714284
Khayaban Gardens - Faisalabad,13700000.0
Chandni Chowk - Rawalpindi,21760000.0
Waris Khan - Rawalpindi,13950000.0
Prem Nagar - Lahore,3500000.0
Immad Garden Housing Scheme - Lahore,5240000.0
Jan Muhammad Road - Lahore,8000000.0
Labor Colony - Lahore,1706687.5
Aman Town - Lahore,4800000.0
Agrics Town - Lahore,16500000.0
Jhaal Chowk - Faisalabad,16000000.0
Ghauri Town - Rawalpindi,9700000.0
Race Course - Rawalpindi,25100000.0
Cantt - Rawalpindi,24000000.0
Mall Road - Lahore,7650000.0
Lahore - Islamabad Motorway - Lahore,3351500.0
Al-Hamad Colony (AIT) - Lahore,6946666.666666667
DHA City - Lahore,18000000.0
Haji Park Housing Scheme - Lahore,5266666.666666667
Bhaini Road - Lahore,11200000.0
Lahore - Kasur Road - Lahore,5240000.0
Afghanabad - Faisalabad,7166666.666666667
Raja Bazar - Rawalpindi,12500000.0
Toheed Park - Lahore,12750000.0
Rawal Road - Rawalpindi,10625000.0
Ghausia Colony - Lahore,10343750.0
Jamil Town - Lahore,7166666.666666667
Eden Park - Lahore,27750000.0
Gulberg Valley - Faisalabad,7000000.0
Zubair Colony - Faisalabad,2700000.0
Islamia Park - Faisalabad,6333333.333333333
Khurram Colony - Rawalpindi,5450000.0
Professors Colony - Rawalpindi,13000000.0
City Villas - Rawalpindi,12500000.0
Punjab Government Servant Housing Foundation (PGSHF) - Rawalpindi,6500000.0
Park Road - Islamabad,10060714.285714284
Land Breeze Housing Society - Lahore,9075333.333333334
Acro Green - Bankers Avenue - Lahore,17062500.0
Data Ganj Bakhsh Town - Lahore,8100000.0
Civil Lines - Faisalabad,5750000.0
Rehman Town - Faisalabad,14750000.0
Shams Abad - Rawalpindi,12662500.0
Saidpur Road - Rawalpindi,20487500.0
Mauripur Road - Karachi,3500000.0
Azeem Garden Shahdara - Lahore,4687500.0
Guru Mandir Chorangi - Karachi,12928571.42857143
Khudadad Colony - Karachi,9875000.0
Munianwala - Faisalabad,6750000.0
Nisbat Road - Lahore,12000000.0
Siddiqia Society (College Road) - Lahore,6000000.0
Altaf Colony - Lahore,4000000.0
I. I. Chundrigar Road - Karachi,7266666.666666667
Chattar - Islamabad,11054545.454545457
Hassan Villas - Faisalabad,9500000.0
Dhok Mangtal - Rawalpindi,4466666.666666667
Chakri - Rawalpindi,5750000.0
Tariq Ismail Road - Lahore,12500000.0
Atari Saroba - Lahore,6433333.333333333
Qayyumabad - Karachi,10060000.0
Chibban - Faisalabad,5250000.0
Sitara Sapna City - Faisalabad,35900000.0
Mason Road - Lahore,26500000.0
Dubban Pura - Lahore,4183333.3333333335
Excise & Taxation Housing Scheme - Lahore,14250000.0
Sitara Valley - Faisalabad,13133333.333333334
Sami Town - Lahore,9734782.608695652
Chapal Courtyard - Karachi,11616666.666666666
Dr Daud Pota Road - Karachi,30500000.0
Millat Chowk - Faisalabad,7000000.0
Gulbahar Park - Lahore,21000000.0
Nadeem Shaheed Road - Lahore,9323000.0
Gatwala Park Road - Faisalabad,4600000.0
Babar Colony - Rawalpindi,8050000.0
Gorakhpur - Rawalpindi,7200000.0
Farooq-e-Azam Road - Rawalpindi,8825000.0
Green Acres Housing Society - Lahore,16550000.0
UMT Society - Lahore,8650000.0
Gulbahar Colony - Lahore,12125000.0
circular road - Karachi,9666666.666666666
Partal Town - Islamabad,3133333.333333333
Pindorian - Islamabad,4910000.0
Bilal Colony - Rawalpindi,16833333.333333332
Al-Safaa Garden - Karachi,5750000.0
Kamal Abad - Faisalabad,5200000.0
Tezab Mill Road - Faisalabad,5250000.0
Gulshan-e-Umair - Karachi,12000000.0
Intelligence Colony - Karachi,6066666.666666667
Rawal Enclave - Islamabad,4000000.0
Bilal Nagar - Faisalabad,3100000.0
Kamala Abad - Rawalpindi,5175000.0
Judicial Colony - Rawalpindi,20333333.33333333
Chaudhary Colony - Lahore,9000000.0
Al-Hilal Society - Karachi,16187500.0
Eastridge Housing Scheme - Rawalpindi,13000000.0
Jati Umra Road - Lahore,4500000.0
Prime Homes 1 - Lahore,6488235.294117647
Pir Naseer - Lahore,4216666.666666667
Gujjarpura - Lahore,8190000.0
Cosmopolitan Society - Karachi,24625000.0
Nayyab Villas - Lahore,8800000.0
Hajveeri Town - Faisalabad,3775000.0
Saddar - Faisalabad,11166666.666666666
Qasim Abad - Faisalabad,7500000.0
Umer Valley - Faisalabad,3650000.0
New Canal Park - Lahore,21000000.0
Stadium Road - Karachi,22300000.0
Judicial Town - Islamabad,12250000.0
Ideal Homes Society - Rawalpindi,4393750.0
Qasurpura - Lahore,5350000.0
Khurrianwala Town - Faisalabad,7000000.0
Shahra-e-Usman - Karachi,3910000.0
Gulshan-E-Mustafa Housing Society - Lahore,17000000.0
Kashmir Colony - Karachi,5400000.0
Khayaban-e-Ittehad Road - Karachi,14000000.0
Shahrah-e-Pakistan - Karachi,8500000.0
Karakoram Diplomatic Enclave - Islamabad,42500000.0
Nain Sukh - Lahore,4750000.0
Saeed Colony - Faisalabad,23714285.714285716
Mian Amiruddin Park - Lahore,6730000.0
Faisalabad Sangla Hill Road - Faisalabad,4000000.0
Numaish Chowrangi - Karachi,17722222.222222224
Abdullah Haroon Road - Karachi,17333333.333333332
Phulgran - Islamabad,8250000.0
Malipura - Lahore,14250000.0
Illahi Abad - Faisalabad,4500000.0
Dhok Mustaqeem Road - Rawalpindi,8050000.0
Dhoke Ratta - Rawalpindi,6000000.0
Gujjar Chowk - Karachi,10250000.0
GOR - Lahore,4500000.0
Hub River Road - Karachi,6500000.0
Abdullah Garden - Islamabad,11083333.333333334
Al-Manzar Society - Karachi,9800000.0
Fateh Jang Road - Islamabad,9010000.0
State Bank of Pakistan Staff Co-Operative Housing Society - Karachi,4100000.0
Raza Garden - Faisalabad,18500000.0
Khana Kacha Road - Lahore,2650000.0
Alpha Society - Lahore,14500000.0
Azmat Town - Islamabad,5600000.0
Capital Smart City - Rawalpindi,12639714.285714284
Saman Berg - Lahore,32166666.666666668
Abdullah City - Faisalabad,8000000.0
Chak 279/RB Kalan - Faisalabad,6250000.0
Green Park - Lahore,8250000.0
Bahadurabad - Lahore,3981250.0
Poonch Road - Lahore,19833333.33333333
Royal Avenue - Islamabad,11611111.111111112
Ismail City - Faisalabad,6000000.0
Mominpura Road - Lahore,4840000.0
Angoori Bagh - Lahore,6921428.571428572
Madina Homes - Lahore,6666666.666666667
Siraj-ud-Daula Road - Karachi,9850000.0
Zero Point - Islamabad,14166666.666666666
Chak 8 JB Punj Garain - Faisalabad,1400000.0
Sarwar Road - Rawalpindi,25000000.0
Lakhu Road - Rawalpindi,2400000.0
Race Course Road - Lahore,25800000.0
Khalid Abad - Faisalabad,7750000.0
Taj Residencia - Rawalpindi,10000000.0
Chur Chowk - Rawalpindi,11750000.0
Shama Road - Lahore,7580000.0
Jhanda Chichi - Rawalpindi,25000000.0
Gulistan Fatima Colony - Rawalpindi,3566666.6666666665
Chapal Skymark - Karachi,41250000.0
Iqbal Avenue - Lahore,27132142.85714286
New Katarian - Rawalpindi,23750000.0
Shanghai Road - Lahore,7493000.0
Gulshan-e-Habib - Faisalabad,1500000.0
Kiran Villas - Faisalabad,2500000.0
Sher Zaman Colony - Rawalpindi,14733333.333333334
Yousaf Colony - Rawalpindi,9055555.555555556
HBFC Housing Society - Lahore,33809090.90909091
Mushtaq Park - Phase 3 - Lahore,22500000.0
Liaqat Road - Faisalabad,8800000.0
Samanabad Road - Faisalabad,10000000.0
Saqib Town - Lahore,13166666.666666666
Rasool Park - Faisalabad,5375000.0
Gulshan-e-Jami - Karachi,20000000.0
Gadap Road - Karachi,4500000.0
Qilla Gujjar Singh - Lahore,14333333.333333334
Wapda Colony - Lahore,8100000.0
Rehmanpura (Harbanspura) - Lahore,18000000.0
Gulshan-e-Safeer - Rawalpindi,3600000.0
Public Health Society - Lahore,8566666.666666666
Bhogiwal - Lahore,12700000.0
Shah Khawar Town - Lahore,12100000.0
Gulshan-e-Ahbab - Lahore,4150000.0
Chaudhary Jan Colony - Rawalpindi,11500000.0
NFC 2 - Lahore,30000000.0
Chak 208 RB Dogranwala - Faisalabad,3500000.0
Hakim Muhammad Ajmal Khan Road - Rawalpindi,15000000.0
Adan Villas - Lahore,8000000.0
Younas Town - Faisalabad,6200000.0
Ranchore Line Bazar - Karachi,3700000.0
H-11 - Islamabad,10000000.0
Ilahi Abad - Faisalabad,4500000.0
Murree Road - Islamabad,6333333.333333333
Al Rehmat Villas - Faisalabad,4266666.666666667
McLeod Road - Lahore,21000000.0
Gulshan-e-Malir - Karachi,5750000.0
Mediacom Avenue - Faisalabad,18750000.0
Railway Scheme 9 - Rawalpindi,5460000.0
Laraib Garden - Karachi,5325000.0
Police Foundation Housing Society - Islamabad,12125000.0
Gulshan-e-Yaseen Housing Society - Lahore,3366666.6666666665
Saroba Gardens Housing Society - Lahore,13500000.0
Shadman Colony - Faisalabad,14750000.0
Faizabad - Rawalpindi,5625000.0
Al-Wahab Garden - Phase 1 - Lahore,4000000.0
Green Park Society - Lahore,9325000.0
Sher Shah Suri Road - Karachi,4575000.0
Gulshan Colony - Lahore,13214285.714285716
LDA City - Lahore,5366666.666666667
Ali Town - Faisalabad,7250000.0
Old Queens Road - Karachi,22500000.0
9th Avenue - Islamabad,24500000.0
Rifle Range Road - Lahore,13733333.333333334
C-19 - Islamabad,4700000.0
Park View City - Islamabad,23038461.53846154
Cooper Road - Lahore,10354666.666666666
Gulshan-e-Ali Housing Scheme - Faisalabad,2700000.0
Top City 1 - Islamabad,4732000.0
Diamond City - Karachi,10483333.333333334
Farooqabad - Faisalabad,8250000.0
Ferozepur City - Lahore,8600000.0
Jagiot Road - Islamabad,3100000.0
Tench Road - Rawalpindi,3200000.0
Mohallah Raja Sultan - Rawalpindi,8000000.0
Railway Officers Colony - Lahore,18500000.0
Times Residency - Karachi,4700000.0
Batapur - Lahore,5780000.0
Sunfort Gardens - Lahore,12576470.588235294
Gawalmandi - Lahore,9000000.0
Montgomery Road - Lahore,20000000.0
Jalal Colony - Lahore,13833333.333333334
Sahianwala - Faisalabad,4800000.0
Ameen Town - Rawalpindi,7000000.0
Kallar Syedan - Rawalpindi,16000000.0
Shehzad Town - Islamabad,17966666.666666668
Jinnah Colony - Faisalabad,4500000.0
Others - Islamabad,9266666.666666666
Venus Housing Scheme - Lahore,12825000.0
Saadi Park - Lahore,2800000.0
Defence Fort Housing Scheme - Faisalabad,4650000.0
Supreme Villas - Lahore,25000000.0
Civil Defence - Lahore,15500000.0
Javed Colony - Ghazi Road - Lahore,5500000.0
Murababad - Faisalabad,2500000.0
Rawat Enclave - Rawalpindi,5500000.0
Faisal Ghuman Road - Lahore,9500000.0
Circular Road - Faisalabad,3200000.0
Imam Bara Road - Rawalpindi,15325000.0
Royal Defence Tower - Karachi,16000000.0
Chak Bahga - Faisalabad,6000000.0
Ghousia Colony - Rawalpindi,15250000.0
Teachers Society - Karachi,9033333.333333334
Zafar ul Haq Road - Rawalpindi,8000000.0
Yazdani Road - Lahore,4550000.0
Shah Khalid Colony - Rawalpindi,6628571.428571428
DHA City Karachi - Karachi,13900000.0
Judicial Employees Coop Housing Society - Faisalabad,20250000.0
Sunderdas Road - Lahore,24000000.0
PTV Colony - Islamabad,4500000.0
Raheemabad - Rawalpindi,6500000.0
Sharaqpur Road - Lahore,3841379.3103448274
Zone 5 - Islamabad,18500000.0
Mumtaz Colony - Rawalpindi,11625000.0
Abu Alkhair Road - Lahore,9500000.0
F-15 - Islamabad,18509090.90909091
Tumair - Islamabad,2200000.0
Iqbal Town - Faisalabad,5000000.0
Azizabad - Rawalpindi,3500000.0
Asif Town - Lahore,7000000.0
Dhoke Dalal Road - Rawalpindi,5600000.0
PAF Society - Lahore,13500000.0
Nooriabad - Karachi,6200000.0
Police Society - Karachi,38750000.0
Firdous Colony - Lahore,11500000.0
Samsani Road - Lahore,8500000.0
Gulfishan Town - Lahore,3500000.0
G-16 - Islamabad,18000000.0
Navy Housing Scheme Karsaz - Karachi,12500000.0
Sozo Town - Lahore,7250000.0
"Lahore, Punjab - Lahore",15250000.0
Chakbeli Road - Rawalpindi,11750000.0
Old Ravians Co-Operative Housing Society - Karachi,23500000.0
Mian Mir Colony - Lahore,5650000.0
Munir Garden - Lahore,6500000.0
Vista Homes - Faisalabad,7858333.333333333
Gulshan-e-Millat - Karachi,7014285.714285715
F-6 - Islamabad,43000000.0
Kuri Model Town - Islamabad,16250000.0
Golra Road - Islamabad,2200000.0
Sangjani - Islamabad,9900000.0
NIH Colony - Islamabad,36500000.0
Athal - Islamabad,3400000.0
Siddiqia Mill Colony - Faisalabad,3700000.0
Aiza Garden - Islamabad,8500000.0
IBL Housing Scheme - Lahore,3950000.0
Others - Rawalpindi,8110000.0
Rehmanabad - Rawalpindi,14300000.0
Stadium Road - Rawalpindi,14500000.0
Khayaban-e-Zohra - Lahore,16500000.0
Expo Avenue Society - Lahore,8400000.0
University Town - Islamabad,5940000.0
Dilawar Colony - Faisalabad,3500000.0
Committee Chowk - Rawalpindi,10000000.0
Jamal Homes - Lahore,9000000.0
"Islamabad, Islamabad Capital - Islamabad",4300000.0
Gulshan Rehman - Faisalabad,8500000.0
Queens Road - Lahore,20250000.0
Rang Mahal - Lahore,7500000.0
Kehkishan Colony No 2 - Faisalabad,7000000.0
Muzaffar Colony - Faisalabad,5000000.0
Garja - Rawalpindi,2900000.0
Ali Town - Lahore,14800000.0
Islamabad View Valley - Islamabad,7000000.0
Millat Road - Lahore,7833333.333333333
"Karachi, Sindh - Karachi",12000000.0
Naseerabad - Rawalpindi,7750000.0
Burj Mandi - Faisalabad,3500000.0
Hoshang Road - Karachi,17000000.0
Gul Colony - Lahore,5000000.0
Noor Jahan Road - Lahore,19100000.0
Al-Jannat Housing Society - Kahna - Lahore,4480000.0
Ayub Colony - Faisalabad,11500000.0
Model Colony - Rawalpindi,3700000.0
Wapda Town - Faisalabad,6960000.0
Al Madina Avenue - Lahore,8700000.0
Shahtaj Colony - Lahore,18000000.0
University Town - Faisalabad,25000000.0
Gulshan Farooq Scheme - Lahore,4900000.0
TECH Society - Lahore,42500000.0
Kuri - Islamabad,11000000.0
Raja Akhtar Road - Islamabad,8000000.0
Sui Gas Employees Cooperative Housing Society - Lahore,29666666.666666668
Bagh Sardaran - Rawalpindi,13000000.0
Allama Iqbal Town - Karachi,17000000.0
Tarogill - Lahore,2800000.0
Ayub National Park - Rawalpindi,19000000.0
"Rawalpindi, Punjab - Rawalpindi",10350000.0
Rehman Housing Society - Lahore,10500000.0
D Ground - Faisalabad,17550000.0
Al Jameel Housing Scheme - Faisalabad,5000000.0
Airport Avenue Housing Society - Islamabad,8850000.0
Divine Homes - Lahore,17600000.0
Malik Colony - Rawalpindi,2250000.0
Mall Road - Rawalpindi,6400000.0
Officer Colony - Lahore,10400000.0
Mohan Pura - Rawalpindi,13000000.0
Heir - Lahore,2500000.0
Kahuta Road - Islamabad,4200000.0
Saadat Avenue - Lahore,9500000.0
Rehman Pura - Faisalabad,5000000.0
Irrigation Cooperative Housing Society - Lahore,23000000.0
Pakistan Intelligence Bureau Housing Society - Islamabad,10250000.0
Marir Hassan - Rawalpindi,4500000.0
Bagh-e-Korangi - Karachi,8423076.923076924
Gujjar Colony - Lahore,6000000.0
Mominpur - Lahore,7250000.0
Defence Garden - Lahore,15000000.0
Gulistan-e-Malir - Karachi,5750000.0
12th Avenue - Islamabad,30000000.0
Bethsaida Colony - Rawalpindi,19500000.0
Dhok Babu Irfan - Rawalpindi,7800000.0
Beadon Road - Lahore,6272000.0
Jarahi - Rawalpindi,5250000.0
Nabha Road - Lahore,18500000.0
Shahra-e-Jahangir - Karachi,8000000.0
Lahore Villas - Lahore,2600000.0
Ali Abad - Rawalpindi,4500000.0
Rehman Park - Lahore,6500000.0
Chak 209 RB Akalgarh - Faisalabad,2300000.0
Ahlu Road - Lahore,3000000.0
D-18 - Islamabad,30750000.0
Ahmed Town - Islamabad,8000000.0
G-5 - Islamabad,37500000.0
Dhok Elahi Baksh - Rawalpindi,13500000.0
Embassy Road - Islamabad,9000000.0
Javed Bahria Coopretive Housing Society - Karachi,25000000.0
Infantry Road - Lahore,11000000.0
Erum Villas - Karachi,5000000.0
Muqaddas Park - Lahore,19000000.0
Diglus Pura - Faisalabad,12000000.0
Mian Aziz Garden - Lahore,5750000.0
Chauburji - Lahore,25250000.0
Catholic Colony - Karachi,11500000.0
Farid Court Road - Lahore,1200000.0
Shahra-e-Qaideen - Karachi,20000000.0
Raja Park - Faisalabad,1200000.0
Hudiara - Lahore,22500000.0
Mohni Road - Lahore,11000000.0
Gulshan-e-Rehman - Faisalabad,7200000.0
Rehman Gardens - Faisalabad,30000000.0
Liaquatabad - Lahore,3500000.0
Humaira Town - Karachi,9500000.0
Korang Road - Islamabad,10000000.0
Abdullah Town - Lahore,3000000.0
Model Town Humak - Rawalpindi,10000000.0
Amil Colony - Karachi,21600000.0
Katar Bund Road - Lahore,6375000.0
Kohinoor City - Faisalabad,3500000.0
Al Fayaz Colony - Faisalabad,6500000.0
Al-Raziq Garden - Lahore,5000000.0
Al-Jadeed Residency - Karachi,5675000.0
F-7 - Islamabad,400000.0
Gulshan View Residence Society - Lahore,11166666.666666666
Sitara Supreme City - Faisalabad,11500000.0
Airline Avenue - Islamabad,13500000.0
Bahria Education & Medical City - Lahore,1425000.0
Tulspura - Lahore,7000000.0
Sunflower Housing Society - Lahore,27250000.0
Bhatti Colony - Lahore,5660000.0
Doctors Housing Society - Rawalpindi,21500000.0
Sadaat Town - Lahore,12750000.0
Rewaz Garden - Lahore,7000000.0
Lower Canal Road - Faisalabad,20000000.0
FDA City - Faisalabad,5600000.0
Askari 5 - Rawalpindi,25000000.0
Shuja Road - Lahore,6750000.0
New Samanabad - Lahore,3000000.0
Bankers Town - Lahore,14538461.538461538
Gulzar E Ahbab Society - Lahore,8500000.0
Harchan Pura - Faisalabad,11000000.0
Hassan Goth - Karachi,1777777.7777777778
Haji Chowk - Rawalpindi,11100000.0
Jamaluddin Afghani Road - Karachi,15000000.0
Gulshan-e-Zaheer Colony - Rawalpindi,5700000.0
Gulnishan Park - Lahore,7500000.0
Al Barkat Villas - Faisalabad,9500000.0
Others - Lahore,2200000.0
Model Town - Islamabad,12500000.0
Karachi Golf City - Karachi,4950000.0
Begum Kot - Lahore,7500000.0
Tulsa - Rawalpindi,2500000.0
Akalgarh - Rawalpindi,7175000.0
Qamar Garden - Faisalabad,16500000.0
Others - Karachi,23000000.0
Niamuana Bypass Road - Faisalabad,3600000.0
Mangopir - Karachi,5250000.0
Motorway City - Faisalabad,5200000.0
Lalazar 2 - Rawalpindi,6000000.0
Al-Hafeez Garden Road - Lahore,7000000.0
Mateen Garden - Lahore,15000000.0
Sultan Colony - Lahore,25000000.0
Defence Fort - Lahore,8500000.0
Sihala Valley - Islamabad,3700000.0
Capital Awami Villas - Rawalpindi,2800000.0
Bokra Road - Islamabad,13000000.0
Shahra-e-Liaquat - Karachi,7500000.0
